symbol,class,period_L0,end0,stored_pct,vx_pct,v1_current_series_pct,v1_revenue_pct_now,v1_class_rule,v1_class_rule_pct,v1_class_rule_matches_sec,v1_class_rule_level_matches_sec,v1_mapped_field,v1_mapped_pct,sec_pct,sec_source,sec_line_concept,sec_line_label,sec_pct_yearago_as_originally_filed,sec_sales_line_pct,sec_sales_line_label,stored_correct,v1_revenue_correct,stored_mechanism,v1_fields_pct_matching_sec,v1_fields_level_matching_sec,v1_fields_pct_matching_sales_line,v1_revenue_level_L0,v1_revenue_level_L4,v1_gross_profit_L0,v1_cost_of_revenue_L0,v1_other_income_expense_L0,sec_cur,sec_yearago_same_filing,vx_rev_L0,vx_rev_L4,spec_line,spec_status
JPM,banks/thrifts,8105,2026-06-30,27.69,27.69,17.89,17.89,gross_profit+other_income_expense,27.69,True,True,gross_profit+other_income_expense,27.69,27.69,sec_face,us-gaap:RevenuesNetOfInterestExpense,Total net revenue,27.69,,,True,False,stored_equals_filing,gross_profit;gross_profit+other_income_expense,gross_profit;gross_profit+other_income_expense,,82460000000.0,69944000000.0,57347000000.0,25113000000.0,,57347000000.0,44912000000.0,57347000000.0,44912000000.0,net_of_interest,rule
CVX,energy/refiners,8105,2026-06-30,56.3,56.3,51.43,51.43,revenue+other_income_expense(absent=0),56.3,True,True,revenue+other_income_expense,56.3,56.3,sec_face,us-gaap:Revenues,Total Revenues and Other Income,56.3,51.43,Sales and other operating revenues,True,False,stored_equals_filing,revenue+other_income_expense;revenue+equity_in_affiliates+other_income_expense;revenue+other_income_expense(absent=0),revenue+other_income_expense;revenue+equity_in_affiliates+other_income_expense;revenue+other_income_expense(absent=0),revenue;revenue+interest_income(absent=0),67199000000.0,44375000000.0,30592000000.0,36607000000.0,2856000000.0,70055000000.0,44822000000.0,70055000000.0,44822000000.0,revenue,his_call
BAC,banks/thrifts,8105,2026-06-30,19.25,19.25,3.67,3.67,gross_profit+other_income_expense,14.99,True,True,gross_profit+other_income_expense,14.99,14.99,sec_face,us-gaap:Revenues,"Total revenue, net of interest expense",19.25,,,False,False,stored_uses_original_yearago_(restated_since),gross_profit;gross_profit+other_income_expense,gross_profit;gross_profit+other_income_expense,,49393000000.0,47646000000.0,31558000000.0,17835000000.0,,31558000000.0,27443000000.0,31558000000.0,26463000000.0,net_of_interest,rule
GE,conglomerates/diversified,8105,2026-06-30,24.73,,21.1,21.1,revenue,21.1,True,True,revenue,21.1,21.1,sec_face,us-gaap:Revenues,Total revenue,21.1,23.58,Sales,False,True,stored_is_previous_quarter,revenue;revenue+interest_income(absent=0),revenue;revenue+interest_income(absent=0),,13348000000.0,11022000000.0,4675000000.0,8673000000.0,313000000.0,13349000000.0,11023000000.0,,11023000000.0,revenue,plain
GS,brokers/asset managers/exchanges,8105,2026-06-30,39.46,39.46,22.91,22.91,gross_profit,39.46,True,True,gross_profit+other_income_expense,39.46,39.46,sec_face,us-gaap:RevenuesNetOfInterestExpense,Total net revenues,39.46,,,True,False,stored_equals_filing,gross_profit;gross_profit+other_income_expense,gross_profit;gross_profit+other_income_expense,,38431000000.0,31268000000.0,20338000000.0,18093000000.0,,20338000000.0,14583000000.0,20338000000.0,14583000000.0,net_of_interest,rule
WFC,banks/thrifts,8105,2026-06-30,8.64,8.64,10.37,10.37,gross_profit+other_income_expense,8.64,True,True,gross_profit+other_income_expense,8.64,8.64,sec_face,us-gaap:RevenuesNetOfInterestExpense,Total revenue,8.64,,,True,False,stored_equals_filing,gross_profit;gross_profit+other_income_expense,gross_profit;gross_profit+other_income_expense,,33589000000.0,30434000000.0,22622000000.0,10967000000.0,,22622000000.0,20822000000.0,22622000000.0,20822000000.0,net_of_interest,rule
C,banks/thrifts,8105,2026-06-30,14.3,14.3,5.83,5.83,gross_profit+other_income_expense,14.3,True,True,gross_profit+other_income_expense,14.3,14.3,sec_face,us-gaap:Revenues,"Total revenues, net of interest expense",14.3,,,True,False,stored_equals_filing,gross_profit+other_income_expense,gross_profit+other_income_expense,,44799000000.0,42333000000.0,24262000000.0,20537000000.0,504000000.0,24766000000.0,21668000000.0,24766000000.0,21668000000.0,net_of_interest_plus_other,pick
WELL,REITs,8105,2026-06-30,39.1,39.1,39.98,39.98,revenue+interest_income(absent=0),39.98,False,False,,,39.1,sec_face,us-gaap:Revenues,Total revenues,39.1,51.44,Resident fees and services,True,False,stored_equals_filing,,revenue+other_income_expense;revenue+other_income_expense(absent=0),,3522000000.0,2516141000.0,1371877000.0,2150123000.0,20602000.0,3544586000.0,2548244000.0,3544586000.0,2548244000.0,revenue,unverified
MCD,other,8105,2026-06-30,3.74,3.74,3.76,3.76,revenue,3.76,True,True,revenue,3.76,3.74,sec_face,us-gaap:Revenues,Total revenues,3.74,,,True,True,stored_equals_filing,revenue;gross_profit;gross_profit-depreciation_depletion_amortization;revenue+interest_income(absent=0),revenue;revenue+interest_income(absent=0),,7100000000.0,6843000000.0,6420000000.0,680000000.0,6000000.0,7099000000.0,6843000000.0,7099000000.0,6843000000.0,revenue,plain
AXP,banks/thrifts,8105,2026-06-30,8.63,8.63,8.34,8.34,gross_profit+other_income_expense,9.97,True,True,gross_profit+other_income_expense,9.97,9.97,sec_face,us-gaap:RevenuesNetOfInterestExpense,Total revenues net of interest expense,9.97,,,False,False,stored_is_another_line,gross_profit;gross_profit+other_income_expense,gross_profit;gross_profit+other_income_expense,,21595000000.0,19933000000.0,19637000000.0,1958000000.0,,19637000000.0,17856000000.0,11212000000.0,10321000000.0,net_of_interest,rule
SCHW,brokers/asset managers/exchanges,8105,2026-06-30,20.87,20.87,15.33,15.33,gross_profit,20.87,True,True,gross_profit+other_income_expense,20.87,20.87,sec_face,us-gaap:Revenues,Total net revenues,20.87,,,True,False,stored_equals_filing,gross_profit;gross_profit+other_income_expense,gross_profit;gross_profit+other_income_expense,,7861000000.0,6816000000.0,7072000000.0,789000000.0,,7072000000.0,5851000000.0,7072000000.0,5851000000.0,net_of_interest,rule
NEE,utilities,8105,2026-06-30,4.69,4.69,12.45,12.45,revenue,12.45,True,True,revenue,12.45,12.45,sec_face,us-gaap:RegulatedAndUnregulatedOperatingRevenue,OPERATING REVENUES,4.69,3.99,OPERATING REVENUES,False,True,stored_is_another_line,revenue;revenue+interest_income(absent=0),revenue;revenue+interest_income(absent=0),,7534000000.0,6700000000.0,6160000000.0,1374000000.0,780000000.0,7534000000.0,6700000000.0,6700000000.0,6400000000.0,revenue,plain
ISRG,other,8105,2026-06-30,22.96,,18.54,18.54,revenue,18.54,True,True,revenue,18.54,18.54,sec_face,us-gaap:RevenueFromContractWithCustomerExcludingAssessedTax,Total revenue,18.54,18.11,Total revenue,False,True,stored_is_previous_quarter,revenue;revenue+other_income_expense(absent=0),revenue;revenue+other_income_expense(absent=0),,2892300000.0,2440000000.0,1960400000.0,931900000.0,,2892300000.0,2440000000.0,,2440000000.0,revenue,plain
DHR,conglomerates/diversified,8105,2026-06-26,3.66,,5.54,5.54,revenue,5.54,True,True,revenue,5.54,5.54,sec_face,us-gaap:RevenueFromContractWithCustomerExcludingAssessedTax,Sales,5.54,,,False,True,stored_is_previous_quarter,revenue,revenue,,6265000000.0,5936000000.0,3611000000.0,2654000000.0,-3000000.0,6265000000.0,5936000000.0,,5936000000.0,revenue,plain
PLD,REITs,8105,2026-06-30,2.37,,11.06,11.06,revenue+interest_income(absent=0),11.06,True,True,revenue,11.06,11.06,sec_face,us-gaap:Revenues,Total revenues,11.06,7.49,Rental,False,True,stored_is_another_line,revenue;revenue+interest_income(absent=0),revenue;revenue+interest_income(absent=0),,2425452000.0,2183869000.0,1894591000.0,530861000.0,548747000.0,2425452000.0,2183869000.0,,2183869000.0,revenue,plain
COF,banks/thrifts,8105,2026-06-30,26.88,26.88,21.66,21.66,gross_profit+other_income_expense,26.88,True,True,gross_profit+other_income_expense,26.88,26.88,sec_face,NII+NoninterestIncome,net interest income + noninterest income (computed),26.88,,,True,False,stored_equals_filing,gross_profit;gross_profit+other_income_expense,gross_profit;gross_profit+other_income_expense,,19861000000.0,16325000000.0,15850000000.0,4011000000.0,,15850000000.0,12492000000.0,15850000000.0,12492000000.0,net_of_interest,rule
CB,"insurers (P&C, managed care, brokers)",8105,2026-06-30,6.61,6.61,6.45,6.45,revenue+interest_income(absent=0),6.45,False,True,,,6.61,sec_face,us-gaap:Revenues,Total revenues,6.61,,,True,True,stored_equals_filing,,revenue;revenue+interest_income(absent=0);revenue+other_income_expense(absent=0),,15811000000.0,14853000000.0,4873000000.0,10938000000.0,,15816000000.0,14836000000.0,15816000000.0,14836000000.0,revenue,plain
CVS,conglomerates/diversified,8105,2026-06-30,7.26,7.26,7.14,7.14,revenue,7.14,False,False,revenue+interest_income,7.26,7.26,sec_face,us-gaap:Revenues,Total revenues,7.26,9.26,Revenues,True,False,stored_equals_filing,revenue+interest_income;revenue+interest_income(absent=0),revenue+interest_income;revenue+interest_income(absent=0),,105455000000.0,98428000000.0,15108000000.0,90347000000.0,31000000.0,106096000000.0,98915000000.0,106096000000.0,98915000000.0,revenue_plus_interest,pick
EQIX,REITs,8105,2026-06-30,9.84,,16.36,16.36,revenue+interest_income(absent=0),15.29,False,False,revenue,16.36,16.36,sec_face,us-gaap:RevenueFromContractWithCustomerExcludingAssessedTax,Revenues,16.36,,,False,True,stored_is_previous_quarter,revenue,revenue,,2625000000.0,2256000000.0,1395000000.0,1230000000.0,-30000000.0,2625000000.0,2256000000.0,,2256000000.0,revenue,plain
USB,banks/thrifts,8105,2026-06-30,10.11,10.11,3.75,3.75,gross_profit+other_income_expense,10.19,True,True,gross_profit+other_income_expense,10.19,10.19,sec_face,NII+NoninterestIncome,net interest income + noninterest income (computed),10.11,,,True,False,stored_equals_filing,gross_profit;gross_profit+other_income_expense,gross_profit;gross_profit+other_income_expense,,10923000000.0,10528000000.0,7686000000.0,3237000000.0,,7686000000.0,6975000000.0,7712000000.0,7004000000.0,net_of_interest,rule
PNC,banks/thrifts,8105,2026-06-30,21.44,21.44,12.97,12.97,gross_profit+other_income_expense,21.44,True,True,gross_profit+other_income_expense,21.44,21.44,sec_face,us-gaap:Revenues,Total revenue,21.44,,,True,False,stored_equals_filing,gross_profit;gross_profit+other_income_expense,gross_profit;gross_profit+other_income_expense,,9462000000.0,8376000000.0,6875000000.0,2587000000.0,,6875000000.0,5661000000.0,6875000000.0,5661000000.0,net_of_interest,rule
DUK,utilities,8105,2026-06-30,0.75,0.75,1.12,1.12,revenue,1.12,True,True,revenue,1.12,1.12,sec_face,us-gaap:RegulatedAndUnregulatedOperatingRevenue,Total operating revenues,0.75,1.94,Regulated electric,False,True,stored_is_another_line,revenue;revenue+interest_income(absent=0),revenue;revenue+interest_income(absent=0),,7592000000.0,7508000000.0,5547000000.0,2045000000.0,223000000.0,7592000000.0,7508000000.0,7428000000.0,7373000000.0,revenue,plain
MMM,conglomerates/diversified,8105,2026-06-30,1.28,,2.46,2.46,revenue,2.46,True,True,revenue,2.46,2.46,sec_face,us-gaap:Revenues,Net sales,2.46,,,False,True,stored_is_previous_quarter,revenue;revenue+other_income_expense;revenue+other_income_expense(absent=0),revenue,,6500000000.0,6344000000.0,2683000000.0,3817000000.0,-30000000.0,6500000000.0,6344000000.0,,6344000000.0,revenue,plain
BX,brokers/asset managers/exchanges,8105,2026-06-30,35.89,35.89,27.66,27.66,gross_profit,27.66,False,False,,,35.89,sec_face,us-gaap:Revenues,Total Revenues,35.89,,,True,False,stored_equals_filing,,,,4897807000.0,3836574000.0,4897807000.0,,94973000.0,5043978000.0,3711900000.0,5043978000.0,3711900000.0,revenue,unverified
ELV,"insurers (P&C, managed care, brokers)",8105,2026-06-30,2.64,,1.4,1.4,revenue+interest_income(absent=0),1.4,True,True,revenue,1.4,1.4,sec_face,us-gaap:Revenues,Total revenues,1.4,,,False,True,stored_is_previous_quarter,revenue;revenue+interest_income(absent=0);revenue+other_income_expense(absent=0),revenue;revenue+interest_income(absent=0);revenue+other_income_expense(absent=0),,50474000000.0,49776000000.0,13450000000.0,37024000000.0,,50474000000.0,49776000000.0,,49776000000.0,revenue,plain
HPE,other,8106,2026-07-31,33.68,33.68,34.43,34.43,revenue,34.43,False,False,revenue+interest_income,33.68,33.68,sec_face,us-gaap:Revenues,Total net revenue,33.68,44.35,Revenues,True,False,stored_equals_filing,revenue+interest_income;revenue+interest_income(absent=0),revenue+interest_income;revenue+interest_income(absent=0),,12021000000.0,8942000000.0,4823000000.0,7198000000.0,444000000.0,12213000000.0,9136000000.0,12213000000.0,9136000000.0,revenue_plus_interest,pick
EOG,energy/refiners,8105,2026-06-30,57.36,57.36,56.3,56.3,revenue+other_income_expense(absent=0),56.48,False,False,,,57.36,sec_face,us-gaap:Revenues,Total,57.36,64.79,Revenue from contract with customer,True,False,stored_equals_filing,,,,8562000000.0,5478000000.0,8562000000.0,,96000000.0,8620000000.0,5478000000.0,8620000000.0,5478000000.0,revenue,unverified
CI,"insurers (P&C, managed care, brokers)",8105,2026-06-30,6.68,6.68,6.65,6.65,revenue+interest_income(absent=0),6.68,True,True,revenue,6.65,6.68,sec_face,us-gaap:Revenues,TOTAL REVENUES,6.68,6.57,Revenue from contract with customer,True,True,stored_equals_filing,revenue;gross_profit-depreciation_depletion_amortization;revenue+interest_income;revenue+interest_income(absent=0),revenue+interest_income;revenue+interest_income(absent=0),revenue;revenue+other_income_expense;revenue+equity_in_affiliates+other_income_expense;revenue+other_income_expense(absent=0),71396000000.0,66942000000.0,6263000000.0,65133000000.0,-63000000.0,71668000000.0,67178000000.0,71668000000.0,67178000000.0,revenue,plain
GM,other,8105,2026-06-30,-0.9,,1.92,1.92,revenue,1.92,True,True,revenue,1.92,1.92,sec_face,us-gaap:Revenues,Total net sales and revenue (Note 2),1.92,2.08,Automotive,False,True,stored_is_previous_quarter,revenue;revenue+other_income_expense;revenue+equity_in_affiliates+other_income_expense;revenue+other_income_expense(absent=0),revenue;revenue+other_income_expense;revenue+equity_in_affiliates+other_income_expense;revenue+other_income_expense(absent=0),,48026000000.0,47122000000.0,1459000000.0,46567000000.0,37000000.0,48026000000.0,47122000000.0,,47122000000.0,revenue,plain
NOC,other,8105,2026-06-30,4.36,,5.07,5.07,revenue,5.07,True,True,revenue,5.07,5.07,sec_face,us-gaap:Revenues,Revenues,5.07,6.66,Revenues,False,True,stored_is_previous_quarter,revenue;revenue+interest_income(absent=0),revenue;revenue+interest_income(absent=0),,10876000000.0,10351000000.0,2121000000.0,8755000000.0,233000000.0,10876000000.0,10351000000.0,,10351000000.0,revenue,plain
FDX,other,8107,2026-05-31,8.3,,12.54,12.54,revenue,12.54,True,True,revenue,12.54,12.54,sec_companyfacts,RevenueFromContractWithCustomerExcludingAssessedTax,companyfacts (fy_minus_9m),12.54,,,False,True,stored_is_previous_quarter,revenue,revenue,,25007000000.0,22220000000.0,42464000000.0,-17457000000.0,697000000.0,25007000000.0,22220000000.0,,22220000000.0,revenue,plain
AJG,"insurers (P&C, managed care, brokers)",8105,2026-06-30,24.29,24.29,24.24,24.24,revenue+interest_income(absent=0),24.24,True,True,revenue,24.24,24.24,sec_face,us-gaap:RevenueFromContractWithCustomerExcludingAssessedTax,Total revenues,24.29,24.41,Revenues before reimbursements,True,True,stored_equals_filing,revenue;gross_profit;gross_profit+other_income_expense;revenue+interest_income(absent=0);revenue+other_income_expense(absent=0),revenue;gross_profit;gross_profit+other_income_expense;revenue+interest_income(absent=0);revenue+other_income_expense(absent=0),,4003000000.0,3222000000.0,4003000000.0,,,4003000000.0,3222000000.0,4003000000.0,3220800000.0,revenue,plain
FAST,other,8105,2026-06-30,12.37,,14.74,14.74,revenue,14.74,True,True,revenue,14.74,14.74,sec_face,us-gaap:RevenueFromContractWithCustomerExcludingAssessedTax,Net sales,14.74,,,False,True,stored_is_previous_quarter,revenue;revenue+interest_income;revenue+interest_income(absent=0);revenue+other_income_expense(absent=0),revenue;revenue+interest_income;revenue+interest_income(absent=0);revenue+other_income_expense(absent=0),,2386900000.0,2080300000.0,1063600000.0,1323300000.0,,2386900000.0,2080300000.0000002,,2080300000.0,revenue,plain
TFC,banks/thrifts,8105,2026-06-30,-3.04,-3.04,0.75,0.75,gross_profit+other_income_expense,5.57,True,True,gross_profit+other_income_expense,5.57,5.57,sec_face,NII+NoninterestIncome,net interest income + noninterest income (computed),5.57,,,False,False,stored_is_another_line,gross_profit;gross_profit+other_income_expense,gross_profit;gross_profit+other_income_expense,,7611000000.0,7554000000.0,5265000000.0,2346000000.0,,5265000000.0,4987000000.0,5967000000.0,6154000000.0,net_of_interest,rule
DVN,energy/refiners,8105,2026-06-30,73.13,73.13,73.0,73.0,revenue+other_income_expense(absent=0),66.25,False,False,,,73.13,sec_face,us-gaap:Revenues,Total revenues,73.13,73.0,"Oil, gas and NGL sales",True,False,stored_equals_filing,,,revenue;revenue+interest_income(absent=0),7003000000.0,4048000000.0,3736000000.0,3267000000.0,626000000.0,7417000000.0,4284000000.0,7417000000.0,4284000000.0,revenue,his_call
O,REITs,8105,2026-06-30,9.74,9.74,6.6,6.6,revenue+interest_income(absent=0),9.71,True,True,revenue+interest_income,9.71,9.74,sec_face,us-gaap:Revenues,Total revenue,9.74,6.6,Rental (including reimbursements),True,False,stored_equals_filing,revenue+interest_income;revenue+interest_income(absent=0),revenue+interest_income;revenue+interest_income(absent=0),revenue,1426467000.0,1338188000.0,1314028000.0,112439000.0,39618000.0,1547711000.0,1410378000.0,1547711000.0,1410378000.0,revenue_plus_interest,pick
DAL,other,8105,2026-06-30,12.92,,18.67,18.67,revenue,18.67,True,True,revenue,18.67,18.67,sec_face,us-gaap:RevenueFromContractWithCustomerExcludingAssessedTax,Total operating revenue,18.67,12.55,Total operating revenue,False,True,stored_is_previous_quarter,revenue;revenue+interest_income(absent=0),revenue;revenue+interest_income(absent=0),,19757000000.0,16648000000.0,19268000000.0,489000000.0,289000000.0,19757000000.0,16648000000.0,,16648000000.0,revenue,plain
SRE,utilities,8105,2026-06-30,3.67,3.67,-0.1,-0.1,revenue,-0.1,True,True,revenue,-0.1,-0.1,sec_face,us-gaap:RegulatedAndUnregulatedOperatingRevenue,Total revenues,3.67,,,False,True,stored_is_another_line,revenue,revenue,,2997000000.0,3000000000.0,2889000000.0,108000000.0,67000000.0,2997000000.0,3000000000.0,2799000000.0,2700000000.0,revenue,plain
BDX,other,8106,2026-06-30,-9.55,-9.55,5.44,5.44,revenue,5.44,True,True,revenue,5.44,5.44,sec_face,us-gaap:Revenues,Revenues,-9.55,,,False,True,stored_uses_original_yearago_(restated_since),revenue;gross_profit+other_income_expense;revenue+interest_income;revenue+interest_income(absent=0),revenue;revenue+interest_income;revenue+interest_income(absent=0),,4983000000.0,4726000000.0,2315000000.0,2668000000.0,19000000.0,4983000000.0,4726000000.0,4983000000.0,5509000000.0,revenue,plain
APO,brokers/asset managers/exchanges,8105,2026-06-30,63.68,63.68,31.34,31.34,gross_profit,31.34,False,False,,,63.68,sec_face,us-gaap:Revenues,Total Revenues,63.68,66.92,Total Revenues,True,False,stored_equals_filing,,,,2435000000.0,1854000000.0,2435000000.0,,3062000000.0,11153000000.0,6814000000.0,11153000000.0,6814000000.0,revenue,unverified
STT,banks/thrifts,8105,2026-06-30,17.4,17.4,4.45,4.45,gross_profit+other_income_expense,17.4,True,True,gross_profit+other_income_expense,17.4,17.4,sec_face,us-gaap:Revenues,Total revenue,17.4,,,True,False,stored_equals_filing,gross_profit;gross_profit+other_income_expense,gross_profit;gross_profit+other_income_expense,,6031000000.0,5774000000.0,4048000000.0,1983000000.0,,4048000000.0,3448000000.0,4048000000.0,3448000000.0,net_of_interest,rule
GRMN,other,8105,2026-06-27,14.23,,11.44,11.44,revenue,11.44,True,True,revenue,11.44,11.44,sec_face,us-gaap:RevenueFromContractWithCustomerExcludingAssessedTax,Net sales,11.44,,,False,True,stored_is_previous_quarter,revenue,revenue,,2022092000.0,1814564000.0,1262022000.0,760070000.0,-2620000.0,2022092000.0,1814564000.0,,1814564000.0,revenue,plain
FITB,banks/thrifts,8105,2026-06-30,35.75,35.75,37.01,37.01,gross_profit+other_income_expense,45.84,True,True,gross_profit+other_income_expense,45.84,45.84,sec_face,NII+NoninterestIncome,net interest income + noninterest income (computed),45.84,,,False,False,stored_is_another_line,gross_profit;gross_profit+other_income_expense,gross_profit;gross_profit+other_income_expense,,4431000000.0,3234000000.0,3274000000.0,1157000000.0,,3274000000.0,2245000000.0,3372000000.0,2484000000.0,net_of_interest,rule
VTR,REITs,8105,2026-06-30,21.73,21.73,22.11,22.11,revenue+interest_income(absent=0),21.73,True,True,revenue+equity_in_affiliates,21.65,21.73,sec_face,us-gaap:Revenues,Total revenues,21.73,32.03,Resident fees and services,True,False,stored_equals_filing,revenue+equity_in_affiliates;revenue+interest_income;revenue+interest_income(absent=0),revenue+interest_income;revenue+interest_income(absent=0),,1727836000.0,1415022000.0,686914000.0,1040922000.0,176000.0,1729614000.0,1420893000.0,1729614000.0,1420893000.0,revenue,unverified
WAT,other,8105,2026-07-04,113.27,113.27,113.36,113.36,revenue,113.36,True,True,revenue,113.36,113.36,sec_face,us-gaap:RevenueFromContractWithCustomerExcludingAssessedTax,Total net revenues,113.36,157.93,Total net revenues,True,True,stored_equals_filing,revenue;revenue+other_income_expense(absent=0),revenue;revenue+other_income_expense(absent=0),,1645000000.0,771000000.0,734000000.0,911000000.0,,1645000000.0,771000000.0,1645000000.0,771332000.0,revenue,plain
NU,banks/thrifts,8104,2026-03-31,5.82,,55.4,55.4,gross_profit+other_income_expense,47.13,False,False,,,,,,,,,,False,False,stored_is_another_line,,,,4988009000.0,3209834000.0,1884924000.0,3103085000.0,-1035000.0,,,,,net_of_interest,unverified
RSG,other,8105,2026-06-30,3.97,3.97,4.6,4.6,revenue,4.6,True,True,revenue,4.6,4.6,sec_face,us-gaap:RevenueFromContractWithCustomerExcludingAssessedTax,Revenue,3.97,,,False,True,stored_is_another_line,revenue;gross_profit;revenue+interest_income;revenue+interest_income(absent=0),revenue;revenue+interest_income;revenue+interest_income(absent=0),,4430000000.0,4235000000.0,1867000000.0,2563000000.0,-53000000.0,4430000000.0,4235000000.0,5076000000.0,4882000000.0,revenue,plain
NDAQ,brokers/asset managers/exchanges,8105,2026-06-30,21.15,21.15,20.51,20.51,gross_profit,14.85,False,False,revenue,20.51,20.51,sec_face,us-gaap:RevenueFromContractWithCustomerExcludingAssessedTax,Total revenues,21.15,24.61,Total revenues,False,True,stored_uses_original_yearago_(restated_since),revenue,revenue,,2532000000.0,2101000000.0,1500000000.0,1032000000.0,14000000.0,2532000000.0,2101000000.0,2532000000.0,2090000000.0,revenue,plain
OXY,energy/refiners,8105,2026-06-30,25.74,25.74,53.39,53.39,revenue+other_income_expense(absent=0),59.63,False,False,revenue,53.39,53.39,sec_face,us-gaap:Revenues,Net sales,25.74,,,False,True,stored_uses_original_yearago_(restated_since),revenue,revenue,,8065000000.0,5258000000.0,6485000000.0,1580000000.0,314000000.0,8065000000.0,5258000000.0,8065000000.0,6414000000.0,revenue,plain
NTAP,other,8108,2026-07-31,16.68,16.68,29.89,29.89,revenue,29.89,True,True,revenue,29.89,29.89,sec_face,us-gaap:RevenueFromContractWithCustomerExcludingAssessedTax,Net revenues,30.11,14.7,Net revenues,False,True,stored_is_another_line,revenue,revenue,,2025000000.0,1559000000.0,1419000000.0,606000000.0,-4000000.0,2025000000.0,1559000000.0,1819000000.0,1559000000.0,revenue,plain
AIG,"insurers (P&C, managed care, brokers)",8105,2026-06-30,-0.08,-0.08,-0.03,-0.03,revenue+interest_income(absent=0),-0.03,True,True,revenue,-0.03,-0.08,sec_face,us-gaap:Revenues,Total revenues,-0.08,,,True,True,stored_equals_filing,revenue;revenue+interest_income(absent=0),revenue;revenue+interest_income(absent=0),,7083000000.0,7085000000.0,2599000000.0,4484000000.0,-4000000.0,7085000000.0,7091000000.0,7085000000.0,7091000000.0,revenue,plain
YUM,other,8105,2026-06-30,12.21,12.21,12.32,12.32,revenue,12.32,False,True,,,12.21,sec_face,us-gaap:Revenues,Total Revenues,12.21,,,True,True,stored_equals_filing,,revenue,,2170000000.0,1932000000.0,1470000000.0,700000000.0,,2169000000.0,1933000000.0,2169000000.0,1933000000.0,revenue,plain
MSCI,other,8105,2026-06-30,14.07,,12.2,12.2,revenue,12.2,True,True,revenue,12.2,12.2,sec_face,us-gaap:RevenueFromContractWithCustomerExcludingAssessedTax,Operating revenues,12.21,,,False,True,stored_is_previous_quarter,revenue;revenue+interest_income;revenue+interest_income(absent=0),revenue,,867000000.0,772700000.0,717100000.0,149900000.0,-1700000.0,867000000.0,772700000.0,,772679000.0,revenue,plain
CBRE,other,8105,2026-06-30,15.09,15.09,15.53,15.53,revenue,15.53,True,True,revenue,15.53,15.53,sec_face,us-gaap:Revenues,Revenue,15.09,,,False,True,stored_is_previous_quarter;stored_uses_original_yearago_(restated_since),revenue;revenue+other_income_expense;revenue+equity_in_affiliates+other_income_expense;revenue+interest_income(absent=0);revenue+other_income_expense(absent=0),revenue;revenue+other_income_expense;revenue+equity_in_affiliates+other_income_expense;revenue+interest_income(absent=0);revenue+other_income_expense(absent=0),,11226000000.0,9717000000.0,2086000000.0,9140000000.0,15000000.0,11226000000.0,9717000000.0,11226000000.0,9754000000.0,revenue,plain
IBKR,brokers/asset managers/exchanges,8105,2026-06-30,31.49,31.49,35.32,35.32,gross_profit,35.32,False,False,,,28.11,sec_face,us-gaap:RevenuesNetOfInterestExpense,Total net revenues,28.11,,,False,False,stored_is_another_line,,,,839000000.0,620000000.0,839000000.0,,-142000000.0,1896000000.0,1480000000.0,760000000.0,578000000.0,revenue,unverified
UAL,other,8105,2026-06-30,10.56,,15.99,15.99,revenue,15.99,True,True,revenue,15.99,15.99,sec_face,us-gaap:RevenueFromContractWithCustomerExcludingAssessedTax,Total operating revenue,15.99,16.36,Total operating revenue,False,True,stored_is_previous_quarter,revenue;gross_profit;gross_profit+other_income_expense;revenue+other_income_expense;revenue+equity_in_affiliates+other_income_expense;revenue+other_income_expense(absent=0),revenue;gross_profit,,17672000000.0,15236000000.0,17672000000.0,,66000000.0,17672000000.0,15236000000.0,,15236000000.0,revenue,plain
HIG,"insurers (P&C, managed care, brokers)",8105,2026-06-30,3.95,3.95,8.14,8.14,revenue+interest_income(absent=0),8.14,True,True,revenue,8.14,8.14,sec_face,us-gaap:Revenues,Total revenues,3.95,,,False,True,stored_uses_original_yearago_(restated_since),revenue;revenue+interest_income(absent=0);revenue+other_income_expense(absent=0),revenue;revenue+interest_income(absent=0);revenue+other_income_expense(absent=0),,7263000000.0,6716000000.0,2513000000.0,4750000000.0,,7263000000.0,6716000000.0,7263000000.0,6987000000.0,revenue,plain
MTB,banks/thrifts,8105,2026-06-30,6.0,6.0,2.07,2.07,gross_profit+other_income_expense,5.68,True,True,gross_profit+other_income_expense,5.68,5.68,sec_face,NII+NoninterestIncome,net interest income + noninterest income (computed),5.68,,,False,False,stored_is_another_line,gross_profit;gross_profit+other_income_expense,gross_profit;gross_profit+other_income_expense,,3360000000.0,3292000000.0,2532000000.0,828000000.0,,2532000000.0,2396000000.0,442000000.0,417000000.0,net_of_interest,rule
PAYX,other,8108,2026-08-31,5.88,5.88,5.92,5.92,revenue,5.92,True,False,revenue,5.92,5.88,sec_face,us-gaap:Revenues,Total revenue,5.88,5.92,Total service revenue,True,True,stored_equals_filing,revenue;revenue+interest_income;revenue+interest_income(absent=0),revenue+interest_income;revenue+interest_income(absent=0),revenue;revenue+interest_income;revenue+interest_income(absent=0),1580700000.0,1492400000.0,1150600000.0,430100000.0,10900000.0,1630500000.0,1540000000.0,1630500000.0,1540000000.0,revenue,plain
NTRS,banks/thrifts,8105,2026-06-30,9.62,9.62,16.99,16.99,gross_profit+other_income_expense,35.04,True,True,gross_profit+other_income_expense,35.04,35.04,sec_face,NII+NoninterestIncome,net interest income + noninterest income (computed),35.04,,,False,False,stored_is_another_line,gross_profit;gross_profit+other_income_expense,gross_profit;gross_profit+other_income_expense,,4211800000.0,3600200000.0,2698000000.0,1513800000.0,,2698000000.0,1997900000.0,1349500000.0,1231100000.0,net_of_interest,rule
CNC,"insurers (P&C, managed care, brokers)",8105,2026-06-30,9.92,9.92,9.98,9.98,revenue+interest_income(absent=0),9.98,True,False,revenue,9.98,9.92,sec_face,us-gaap:Revenues,Total revenues,9.92,4.49,Premium and service revenues,True,True,stored_equals_filing,revenue;revenue+interest_income(absent=0);revenue+other_income_expense(absent=0),,,54014000000.0,49113000000.0,14985000000.0,39029000000.0,,53579000000.0,48742000000.0,53579000000.0,48742000000.0,revenue,plain
HBAN,banks/thrifts,8105,2026-06-30,33.16,33.16,37.66,37.66,gross_profit+other_income_expense,46.39,True,True,gross_profit+other_income_expense,46.39,46.39,sec_face,NII+NoninterestIncome,net interest income + noninterest income (computed),46.39,,,False,False,stored_is_another_line,gross_profit;gross_profit+other_income_expense,gross_profit;gross_profit+other_income_expense,,4167000000.0,3027000000.0,2837000000.0,1330000000.0,,2837000000.0,1938000000.0,502000000.0,377000000.0,net_of_interest,rule
ZTS,other,8105,2026-06-30,0.33,0.33,-0.24,-0.24,revenue,-0.24,True,True,revenue,-0.24,-0.24,sec_face,us-gaap:Revenues,Revenue,0.33,,,False,True,stored_uses_original_yearago_(restated_since),revenue;revenue+interest_income(absent=0),revenue;revenue+interest_income(absent=0),,2468000000.0,2474000000.0,1795000000.0,673000000.0,5000000.0,2468000000.0,2474000000.0,2468000000.0,2460000000.0,revenue,plain
RBLX,other,8105,2026-06-30,35.93,35.93,35.89,35.89,revenue,35.89,True,True,revenue,35.89,35.89,sec_face,us-gaap:RevenueFromContractWithCustomerExcludingAssessedTax,Revenue,35.93,,,True,True,stored_equals_filing,revenue,revenue,,1469000000.0,1081000000.0,1177000000.0,292000000.0,-3000000.0,1469000000.0,1081000000.0,1469000000.0,1080677000.0,revenue,plain
CTSH,other,8105,2026-06-30,5.83,,4.5,4.5,revenue,4.5,True,True,revenue,4.5,4.5,sec_face,us-gaap:Revenues,Revenues,4.5,,,False,True,stored_is_previous_quarter,revenue,revenue,,5481000000.0,5245000000.0,1829000000.0,3652000000.0,-12000000.0,5481000000.0,5245000000.0,,5245000000.0,revenue,plain
AWK,utilities,8105,2026-06-30,6.13,6.13,6.19,6.19,revenue,6.19,True,True,revenue,6.19,6.19,sec_face,us-gaap:RegulatedAndUnregulatedOperatingRevenue,Operating revenues,6.13,,,True,True,stored_equals_filing,revenue;gross_profit,revenue;gross_profit,,1355000000.0,1276000000.0,1355000000.0,,27000000.0,1355000000.0,1276000000.0,1350000000.0,1272000000.0,revenue,plain
LPLA,brokers/asset managers/exchanges,8105,2026-06-30,35.24,35.24,34.44,34.44,gross_profit,35.56,False,False,revenue+other_income_expense,35.24,35.24,sec_face,us-gaap:Revenues,Total net revenues,35.24,,,True,False,stored_equals_filing,revenue+other_income_expense;revenue+equity_in_affiliates+other_income_expense;revenue+other_income_expense(absent=0),revenue+other_income_expense;revenue+equity_in_affiliates+other_income_expense;revenue+other_income_expense(absent=0),,5038244000.0,3747493000.0,4936742000.0,101502000.0,148379000.0,5186623000.0,3835025000.0,5186623000.0,3835025000.0,revenue_plus_other,pick
RF,banks/thrifts,8105,2026-06-30,-2.02,-2.02,-2.14,-2.14,gross_profit+other_income_expense,0.1,True,True,gross_profit+other_income_expense,0.1,0.1,sec_face,NII+NoninterestIncome,net interest income + noninterest income (computed),0.1,,,False,False,stored_is_another_line,gross_profit;gross_profit+other_income_expense,gross_profit;gross_profit+other_income_expense,,2378000000.0,2430000000.0,1907000000.0,471000000.0,,1907000000.0,1905000000.0,1748000000.0,1784000000.0,net_of_interest,rule
SYF,banks/thrifts,8105,2026-06-30,1.92,1.92,0.28,0.28,gross_profit+other_income_expense,2.28,True,True,gross_profit+other_income_expense,2.28,2.28,sec_face,NII+NoninterestIncome,net interest income + noninterest income (computed),2.28,,,False,False,stored_is_another_line,gross_profit;gross_profit+other_income_expense,gross_profit;gross_profit+other_income_expense,,5720000000.0,5704000000.0,4745000000.0,975000000.0,,4745000000.0,4639000000.0,4608000000.0,4521000000.0,net_of_interest,rule
IFF,other,8105,2026-06-30,-29.31,-29.31,1.82,1.82,revenue,1.82,True,True,revenue,1.82,1.82,sec_face,us-gaap:RevenueFromContractWithCustomerExcludingAssessedTax,Net sales,-29.31,,,False,True,stored_uses_original_yearago_(restated_since),revenue;revenue+interest_income(absent=0),revenue;revenue+interest_income(absent=0),,1954000000.0,1919000000.0,853000000.0,1101000000.0,-48000000.0,1954000000.0,1919000000.0,1954000000.0,2764000000.0,revenue,plain
DLTR,other,8109,2026-08-01,7.02,7.02,7.22,7.22,revenue,7.22,False,False,,,7.02,sec_face,us-gaap:Revenues,Total revenue,7.02,,,True,False,stored_equals_filing,,,,4908900000.0,4578400000.0,2116700000.0,2792200000.0,14100000.0,4891200000.0,4570400000.0,4891200000.0,4570400000.0,revenue,unverified
MKL,"insurers (P&C, managed care, brokers)",8105,2026-06-30,4.46,,-0.1,-0.1,revenue+interest_income(absent=0),-0.1,True,True,revenue,-0.1,-0.1,sec_face,us-gaap:Revenues,Total Operating Revenues,-12.7,,,False,True,stored_is_previous_quarter,revenue;revenue+interest_income(absent=0),revenue;revenue+interest_income(absent=0),,4018437000.0,4022543000.0,2095475000.0,1922962000.0,1177903000.0,4018437000.0,4022543000.0,,4602766000.0,revenue,plain
SOFI,banks/thrifts,8105,2026-06-30,1.11,1.11,27.35,27.35,gross_profit+other_income_expense,23.4,False,False,,,42.54,sec_face,us-gaap:RevenuesNetOfInterestExpense,Total net revenue,42.54,,,False,False,stored_is_another_line,,,,429298000.0,337107000.0,229159000.0,200139000.0,1183000.0,1218676000.0,854944000.0,153577000.0,151890000.0,revenue,unverified
GPN,other,8105,2026-06-30,69.71,69.71,68.63,68.63,revenue,68.63,True,True,revenue,68.63,68.63,sec_face,us-gaap:RevenueFromContractWithCustomerExcludingAssessedTax,Revenues,69.71,,,False,True,stored_uses_original_yearago_(restated_since),revenue;revenue+other_income_expense(absent=0),revenue;revenue+other_income_expense(absent=0),,3320791000.0,1969287000.0,2026912000.0,1293879000.0,,3320791000.0,1969287000.0,3320791000.0,1956747000.0,revenue,plain
EXE,energy/refiners,8105,2026-06-30,-19.78,-19.78,-10.61,-10.61,revenue+other_income_expense(absent=0),-19.67,False,False,,,-19.78,sec_face,us-gaap:Revenues,Total revenues and other,-19.78,-9.45,Revenue,True,False,stored_equals_filing,,,,2511000000.0,2809000000.0,1709000000.0,802000000.0,466000000.0,2960000000.0,3690000000.0,2960000000.0,3690000000.0,revenue,unverified
SNA,other,8105,2026-07-04,4.19,4.19,4.72,4.72,revenue,4.72,False,False,,,4.19,sec_face,us-gaap:Revenues,Net sales,4.19,4.72,Net sales,True,False,stored_equals_filing,,,revenue;revenue+interest_income(absent=0),1235100000.0,1179400000.0,635200000.0,599900000.0,82600000.0,1334800000.0,1281100000.0,1334800000.0,1281100000.0,revenue,his_call
AFRM,non-bank lenders,8107,2026-06-30,33.04,33.04,26.41,26.41,gross_profit+other_income_expense,31.17,False,False,,,33.04,sec_companyfacts,Revenues,companyfacts (fy_minus_9m),33.04,,,True,False,stored_equals_filing,,,,387537000.0,306565000.0,387537000.0,,468550000.0,1165960000.0,876417000.0,1165960000.0,876417000.0,revenue,unverified
NI,utilities,8105,2026-06-30,3.45,3.45,4.63,4.63,revenue,4.63,True,True,revenue,4.63,4.63,sec_face,us-gaap:RegulatedOperatingRevenue,Total Operating Revenues,3.45,3.45,Customer revenues,False,True,stored_equals_sales_line,revenue;revenue+interest_income(absent=0),revenue;revenue+interest_income(absent=0),,1342400000.0,1283000000.0,1148800000.0,193600000.0,18200000.0,1342400000.0,1283000000.0,1289500000.0,1246500000.0,revenue,plain
KEY,banks/thrifts,8105,2026-06-30,6.74,6.74,-1.14,-1.14,gross_profit+other_income_expense,6.83,True,True,gross_profit+other_income_expense,6.83,6.83,sec_face,NII+NoninterestIncome,net interest income + noninterest income (computed),6.74,,,True,False,stored_equals_filing,gross_profit;gross_profit+other_income_expense,gross_profit;gross_profit+other_income_expense,,2765000000.0,2797000000.0,1956000000.0,809000000.0,,1956000000.0,1831000000.0,1964000000.0,1840000000.0,net_of_interest,rule
BRO,"insurers (P&C, managed care, brokers)",8109,2026-06-30,30.43,30.43,32.43,32.43,revenue+interest_income(absent=0),30.43,True,True,revenue+interest_income,30.43,30.43,sec_face,us-gaap:Revenues,Total revenues,30.43,,,True,False,stored_equals_filing,revenue+interest_income;revenue+interest_income(absent=0),revenue+interest_income;revenue+interest_income(absent=0),,1654000000.0,1249000000.0,1654000000.0,,44000000.0,1676000000.0,1285000000.0,1676000000.0,1285000000.0,revenue_plus_interest,pick
GPC,other,8105,2026-06-30,6.8,,6.04,6.04,revenue,6.04,True,True,revenue,6.04,6.04,sec_face,us-gaap:RevenueFromContractWithCustomerExcludingAssessedTax,Net sales,6.04,,,False,True,stored_is_previous_quarter,revenue;gross_profit-depreciation_depletion_amortization;revenue+other_income_expense;revenue+equity_in_affiliates+other_income_expense;revenue+interest_income(absent=0);revenue+other_income_expense(absent=0),revenue;revenue+other_income_expense;revenue+equity_in_affiliates+other_income_expense;revenue+interest_income(absent=0);revenue+other_income_expense(absent=0),,6536951000.0,6164425000.0,2470707000.0,4066244000.0,3294000.0,6536951000.0,6164425000.0,,6164425000.0,revenue,plain
EWBC,banks/thrifts,8105,2026-06-30,2.06,2.06,3.68,3.68,gross_profit+other_income_expense,12.5,True,True,gross_profit+other_income_expense,12.5,12.5,sec_face,NII+NoninterestIncome,net interest income + noninterest income (computed),12.5,,,False,False,stored_is_another_line,gross_profit;gross_profit+other_income_expense,gross_profit;gross_profit+other_income_expense,,1187315000.0,1145177000.0,791143000.0,396172000.0,,791143000.0,703252000.0,1080823000.0,1058999000.0,net_of_interest,rule
EFX,other,8105,2026-06-30,14.35,,10.61,10.61,revenue,10.61,True,True,revenue,10.61,10.61,sec_face,us-gaap:RevenueFromContractWithCustomerExcludingAssessedTax,Operating revenue,10.61,,,False,True,stored_is_previous_quarter,revenue;revenue+other_income_expense;revenue+equity_in_affiliates+other_income_expense;revenue+interest_income(absent=0);revenue+other_income_expense(absent=0),revenue;revenue+interest_income(absent=0),,1700100000.0,1537000000.0,926400000.0,773700000.0,2500000.0,1700100000.0,1537000000.0,,1537000000.0,revenue,plain
STZ,other,8108,2026-05-31,-3.27,-3.27,-3.25,-3.25,revenue,-3.25,True,False,revenue,-3.25,-3.27,sec_face,us-gaap:RevenueFromContractWithCustomerExcludingAssessedTax,Net sales,-3.27,,,True,True,stored_equals_filing,revenue;revenue+other_income_expense(absent=0),,,2590400000.0,2677500000.0,1478300000.0,1112100000.0,,2432700000.0,2515000000.0,2432700000.0,2515000000.0,revenue,plain
FCNCA,banks/thrifts,8105,2026-06-30,2.49,2.49,0.11,0.11,gross_profit+other_income_expense,2.49,True,True,gross_profit+other_income_expense,2.49,2.49,sec_face,NII+NoninterestIncome,net interest income + noninterest income (computed),2.49,,,True,False,stored_equals_filing,gross_profit;gross_profit+other_income_expense,gross_profit;gross_profit+other_income_expense,,3627000000.0,3623000000.0,2432000000.0,1195000000.0,,2432000000.0,2373000000.0,2432000000.0,2373000000.0,net_of_interest,rule
OVV,energy/refiners,8105,2026-06-30,29.98,29.98,29.58,29.58,revenue+other_income_expense(absent=0),15.51,False,False,,,29.98,sec_face,us-gaap:Revenues,Total Revenues,29.98,29.72,Revenues,True,False,stored_equals_filing,,,,2891000000.0,2231000000.0,2145000000.0,746000000.0,-233000000.0,3013000000.0,2318000000.0,3013000000.0,2318000000.0,revenue,unverified
NLY,REITs,8105,2026-06-30,105.8,,23.57,23.57,revenue+interest_income(absent=0),27.34,False,False,,,,,,,,,,False,False,stored_is_previous_quarter,,,,175059000.0,141670000.0,157224000.0,17835000.0,247444000.0,,,,273200000.0,revenue,unverified
APA,energy/refiners,8105,2026-06-30,3.95,3.95,8.95,8.95,revenue+other_income_expense(absent=0),-8.15,True,True,gross_profit+other_income_expense,-8.15,-8.15,sec_face,apa:RevenuesAndOther,Total revenues and other,-8.15,8.95,Total revenues,False,False,stored_is_another_line,gross_profit+other_income_expense;revenue+other_income_expense;revenue+equity_in_affiliates+other_income_expense;revenue+other_income_expense(absent=0),gross_profit+other_income_expense;revenue+other_income_expense;revenue+equity_in_affiliates+other_income_expense;revenue+other_income_expense(absent=0),revenue;gross_profit;revenue+interest_income(absent=0),2373000000.0,2178000000.0,2373000000.0,,26000000.0,2399000000.0,2612000000.0,2264000000.0,2178000000.0,revenue,his_call
DOC,REITs,8105,2026-06-30,11.12,11.12,10.5,10.5,revenue+interest_income(absent=0),11.12,True,True,revenue+interest_income,11.12,11.12,sec_face,us-gaap:Revenues,Total revenues,11.12,0.69,Rental and related revenues,True,False,stored_equals_filing,revenue+interest_income;revenue+interest_income(absent=0),revenue+interest_income;revenue+interest_income(absent=0),,749810000.0,678542000.0,416687000.0,333123000.0,28233000.0,771579000.0,694348000.0,771579000.0,694348000.0,revenue,unverified
MAS,other,8105,2026-06-30,-2.88,-2.88,-2.83,-2.83,revenue,-2.83,True,True,revenue,-2.83,-2.88,sec_face,us-gaap:RevenueFromContractWithCustomerExcludingAssessedTax,Net sales,-2.88,,,True,True,stored_equals_filing,revenue;revenue+interest_income(absent=0),revenue;revenue+interest_income(absent=0),,1992000000.0,2050000000.0,868000000.0,1124000000.0,-3000000.0,1992000000.0,2051000000.0,1992000000.0,2051000000.0,revenue,plain
SUI,REITs,8108,2026-06-30,-22.28,-22.28,-0.23,-0.23,revenue+interest_income(absent=0),-2.28,True,True,revenue+interest_income,-2.28,-2.28,sec_face,us-gaap:Revenues,Total Revenues,-22.28,5.97,Lease Income,False,False,stored_uses_original_yearago_(restated_since),revenue+interest_income;revenue+interest_income(absent=0),revenue+interest_income;revenue+interest_income(absent=0),,478400000.0,479500000.0,453900000.0,24500000.0,-7300000.0,484600000.0,495900000.0,484600000.0,623500000.0,revenue,unverified
HAS,other,8105,2026-06-28,13.81,13.81,16.19,16.19,revenue,16.19,True,True,revenue,16.19,16.19,sec_face,us-gaap:RevenueFromContractWithCustomerExcludingAssessedTax,Net revenues,13.81,,,False,True,stored_is_another_line,revenue,revenue,,1139600000.0,980800000.0,867200000.0,272400000.0,-10200000.0,1139600000.0,980800000.0,1290500000.0,1133900000.0,revenue,plain
BWXT,other,8105,2026-06-30,26.08,,18.01,18.01,revenue,18.01,True,True,revenue,18.01,18.01,sec_companyfacts,RevenueFromContractWithCustomerExcludingAssessedTax,companyfacts (3m),18.01,,,False,True,stored_is_previous_quarter,revenue,revenue,,901625000.0,764039000.0,202305000.0,699320000.0,24695000.0,901625000.0,764039000.0,,764039000.0,revenue,plain
LII,other,8105,2026-06-30,5.83,,2.96,2.96,revenue,2.96,True,True,revenue,2.96,2.96,sec_face,us-gaap:Revenues,Net sales,2.96,,,False,True,stored_is_previous_quarter,revenue;revenue+other_income_expense;revenue+equity_in_affiliates+other_income_expense;revenue+interest_income(absent=0);revenue+other_income_expense(absent=0),revenue;revenue+other_income_expense;revenue+equity_in_affiliates+other_income_expense;revenue+interest_income(absent=0);revenue+other_income_expense(absent=0),,1545300000.0,1500900000.0,539500000.0,1005800000.0,300000.0,1545300000.0,1500900000.0,,1500900000.0,revenue,plain
CNH,other,8105,2026-06-30,1.95,1.95,3.03,3.03,revenue,3.03,False,False,revenue+interest_income,1.95,1.95,sec_face,us-gaap:Revenues,Total Revenues,1.95,3.03,Net sales,True,False,stored_equals_filing,revenue+interest_income;revenue+interest_income(absent=0),revenue+interest_income;revenue+interest_income(absent=0),revenue,4143000000.0,4021000000.0,747000000.0,3396000000.0,-112000000.0,4803000000.0,4711000000.0,4803000000.0,4711000000.0,revenue,unverified
CSGP,other,8105,2026-06-30,22.51,,18.44,18.44,revenue,18.44,True,True,revenue,18.44,18.44,sec_face,us-gaap:RevenueFromContractWithCustomerExcludingAssessedTax,Revenue,18.39,,,False,True,stored_is_previous_quarter,revenue;revenue+interest_income(absent=0),revenue;revenue+interest_income(absent=0),,925000000.0,781000000.0,728000000.0,197000000.0,,925000000.0,781000000.0,,781300000.0,revenue,plain
ELS,REITs,8105,2026-06-30,5.56,5.56,5.35,5.35,revenue+interest_income(absent=0),6.15,False,False,gross_profit,5.49,5.56,sec_face,us-gaap:Revenues,Total revenues,5.56,5.47,Rental income,True,False,stored_equals_filing,gross_profit,,gross_profit,375174000.0,356107000.0,336426000.0,38748000.0,15413000.0,397815000.0,376866000.0,397815000.0,376866000.0,revenue,unverified
QXO,other,8105,2026-06-30,70.27,70.27,70.3,70.3,revenue,70.3,True,True,revenue,70.3,70.3,sec_face,us-gaap:RevenueFromContractWithCustomerExcludingAssessedTax,Net sales,70.27,,,True,True,stored_equals_filing,revenue;revenue+interest_income(absent=0),revenue;revenue+interest_income(absent=0),,3246000000.0,1906000000.0,803000000.0,2443000000.0,3000000.0,3246000000.0,1906000000.0,3246000000.0,1906400000.0,revenue,plain
RKT,non-bank lenders,8105,2026-06-30,104.67,104.67,91.87,91.87,gross_profit+other_income_expense,85.96,False,False,revenue,91.87,91.87,sec_face,us-gaap:RevenuesNetOfInterestExpense,"Total revenue, net",104.67,,,False,True,stored_uses_original_yearago_(restated_since),revenue;revenue+interest_income(absent=0);revenue+other_income_expense(absent=0),revenue;revenue+interest_income(absent=0);revenue+other_income_expense(absent=0),,2784000000.0,1451000000.0,2410000000.0,374000000.0,,2784000000.0,1451000000.0,2784000000.0,1360251000.0,revenue,pick
FHN,banks/thrifts,8105,2026-06-30,6.87,6.87,0.65,0.65,gross_profit+other_income_expense,6.87,True,True,gross_profit+other_income_expense,6.87,6.87,sec_face,NII+NoninterestIncome,net interest income + noninterest income (computed),6.87,,,True,False,stored_equals_filing,gross_profit;gross_profit+other_income_expense,gross_profit;gross_profit+other_income_expense,,1241000000.0,1233000000.0,887000000.0,354000000.0,,887000000.0,830000000.0,887000000.0,830000000.0,net_of_interest,rule
CORT,other,8105,2026-06-30,13.75,,31.74,31.74,revenue,31.74,True,True,revenue,31.74,31.74,sec_face,us-gaap:RevenueFromContractWithCustomerExcludingAssessedTax,"Product revenue, net",31.74,,,False,True,stored_is_another_line,revenue;revenue+other_income_expense(absent=0),revenue;revenue+other_income_expense(absent=0),,256147000.0,194430000.0,252086000.0,4061000.0,,256147000.0,194430000.0,,194430000.0,revenue,plain
BPOP,banks/thrifts,8105,2026-06-30,4.0,4.0,4.48,4.48,gross_profit+other_income_expense,9.24,True,True,gross_profit+other_income_expense,9.24,9.24,sec_face,NII+NoninterestIncome,net interest income + noninterest income (computed),9.24,,,False,False,stored_is_previous_quarter,gross_profit;gross_profit+other_income_expense,gross_profit;gross_profit+other_income_expense,,1162184000.0,1112349000.0,873964000.0,288220000.0,,873964000.0,800026000.0,981639000.0,943872000.0,net_of_interest,rule
ALLY,banks/thrifts,8105,2026-06-30,9.8,9.8,4.52,4.52,gross_profit+other_income_expense,11.18,False,False,,,9.8,sec_face,us-gaap:Revenues,Total net revenue,9.8,,,True,False,stored_equals_filing,,,,4067000000.0,3891000000.0,2555000000.0,1512000000.0,,2286000000.0,2082000000.0,2286000000.0,2082000000.0,net_of_interest,unverified
MOH,"insurers (P&C, managed care, brokers)",8105,2026-06-30,-4.84,-4.84,-4.87,-4.87,revenue+interest_income(absent=0),-4.87,True,False,revenue,-4.87,-4.84,sec_face,us-gaap:Revenues,Total revenue,-4.84,,,True,True,stored_equals_filing,revenue;revenue+other_income_expense;revenue+equity_in_affiliates+other_income_expense;revenue+interest_income;revenue+interest_income(absent=0);revenue+other_income_expense(absent=0),,,10749000000.0,11299000000.0,1309000000.0,9440000000.0,24000000.0,10874000000.0,11427000000.0,10874000000.0,11427000000.0,revenue,plain
SSB,banks/thrifts,8105,2026-06-30,-0.27,-0.27,0.83,0.83,gross_profit+other_income_expense,1.19,True,True,gross_profit+other_income_expense,1.19,1.19,sec_face,NII+NoninterestIncome,net interest income + noninterest income (computed),1.19,,,False,False,stored_is_another_line,gross_profit;gross_profit+other_income_expense,gross_profit;gross_profit+other_income_expense,,934985000.0,927321000.0,672675000.0,262310000.0,,672675000.0,664765000.0,838259000.0,840504000.0,net_of_interest,rule
FLS,other,8105,2026-06-30,-5.38,-5.38,-1.59,-1.59,revenue,-1.59,True,True,revenue,-1.59,-1.59,sec_face,us-gaap:RevenueFromContractWithCustomerExcludingAssessedTax,Sales,-1.59,,,False,True,stored_is_another_line,revenue,revenue,,1169175000.0,1188092000.0,384726000.0,784449000.0,20928000.0,1169175000.0,1188092000.0,384726000.0,406582000.0,revenue,plain
CPT,REITs,8105,2026-06-30,18.91,18.91,-0.9,-0.9,revenue+interest_income(absent=0),-0.88,True,True,revenue,-0.9,-0.9,sec_face,us-gaap:OperatingLeaseLeaseIncome,Property revenues,18.91,,,False,True,stored_is_another_line,revenue;revenue+interest_income;revenue+interest_income(absent=0),revenue;revenue+interest_income;revenue+interest_income(absent=0),,392944000.0,396509000.0,301641000.0,91303000.0,2731000.0,392944000.0,396509000.0,3131000.0,2633000.0,revenue,plain
EVR,brokers/asset managers/exchanges,8105,2026-06-30,19.15,19.15,18.66,18.66,gross_profit,18.75,True,False,revenue,18.66,18.75,sec_face,us-gaap:RevenuesNetOfInterestExpense,Net Revenues,18.75,18.77,Revenue from Contract with Customer,False,True,stored_is_another_line,revenue;gross_profit;revenue+interest_income(absent=0),,gross_profit,959851000.0,808906000.0,956799000.0,3052000.0,39664000.0,990199000.0,833830000.0,998497000.0,838040000.0,revenue,plain
CFR,banks/thrifts,8105,2026-06-30,5.33,5.33,0.53,0.53,gross_profit+other_income_expense,5.33,True,True,gross_profit+other_income_expense,5.33,5.33,sec_face,NII+NoninterestIncome,net interest income + noninterest income (computed),5.33,,,True,False,stored_equals_filing,gross_profit;gross_profit+other_income_expense,gross_profit;gross_profit+other_income_expense,,723044000.0,719231000.0,576009000.0,147035000.0,,576009000.0,546877000.0,576009000.0,546877000.0,net_of_interest,rule
APTV,other,8105,2026-06-30,-37.14,-37.14,2.34,2.34,revenue,2.34,True,True,revenue,2.34,2.34,sec_face,us-gaap:Revenues,Net sales,-37.14,,,False,True,stored_uses_original_yearago_(restated_since),revenue;revenue+other_income_expense;revenue+equity_in_affiliates;revenue+interest_income(absent=0);revenue+other_income_expense(absent=0),revenue;revenue+interest_income(absent=0),,3274000000.0,3199000000.0,775000000.0,2499000000.0,61000000.0,3274000000.0,3199000000.0,3274000000.0,5208000000.0,revenue,plain
WTFC,banks/thrifts,8105,2026-06-30,4.4,4.4,5.52,5.52,gross_profit+other_income_expense,10.12,True,True,gross_profit+other_income_expense,10.12,10.12,sec_face,NII+NoninterestIncome,net interest income + noninterest income (computed),10.12,,,False,False,stored_is_another_line,gross_profit;gross_profit+other_income_expense,gross_profit;gross_profit+other_income_expense,,1102681000.0,1044997000.0,738635000.0,364046000.0,,738635000.0,670783000.0,961412000.0,920908000.0,net_of_interest,rule
ZION,banks/thrifts,8105,2026-06-30,10.98,10.98,19.18,19.18,gross_profit+other_income_expense,35.68,True,True,gross_profit+other_income_expense,35.68,35.68,sec_face,NII+NoninterestIncome,net interest income + noninterest income (computed),10.98,,,False,False,stored_is_another_line,gross_profit;gross_profit+other_income_expense,gross_profit;gross_profit+other_income_expense,,1479000000.0,1241000000.0,1137000000.0,342000000.0,,1137000000.0,838000000.0,182000000.0,164000000.0,net_of_interest,rule
RRC,energy/refiners,8105,2026-06-30,49.76,,8.57,8.57,revenue+other_income_expense(absent=0),-2.41,False,False,,,-2.65,sec_face,us-gaap:Revenues,Total revenues and other income,-2.65,8.57,Total Revenues from Contracts with Customers,False,False,stored_is_previous_quarter,,,revenue;revenue+interest_income(absent=0),759583000.0,699647000.0,355643000.0,403940000.0,69427000.0,833571000.0,856275000.0,,856275000.0,revenue,his_call
REXR,REITs,8105,2026-06-30,-1.6,-1.6,0.54,0.54,revenue+interest_income(absent=0),-1.6,True,True,gross_profit-depreciation_depletion_amortization,-1.66,-1.6,sec_face,us-gaap:Revenues,TOTAL REVENUES,-1.6,0.59,Rental income,True,False,stored_equals_filing,gross_profit-depreciation_depletion_amortization;revenue+interest_income;revenue+interest_income(absent=0),revenue+interest_income;revenue+interest_income(absent=0),revenue,242996000.0,241700000.0,186782000.0,56214000.0,27394000.0,245506000.0,249507000.0,245506000.0,249507000.0,revenue,unverified
COLB,banks/thrifts,8105,2026-06-30,20.77,20.77,22.18,22.18,gross_profit+other_income_expense,32.49,True,True,gross_profit+other_income_expense,32.49,32.49,sec_face,NII+NoninterestIncome,net interest income + noninterest income (computed),32.51,,,False,False,stored_is_another_line,gross_profit;gross_profit+other_income_expense,gross_profit;gross_profit+other_income_expense,,898000000.0,735000000.0,677000000.0,221000000.0,,677000000.0,511000000.0,810000000.0,670689000.0,net_of_interest,rule
WAL,banks/thrifts,8105,2026-06-30,94.47,94.47,9.83,9.83,gross_profit+other_income_expense,17.71,True,True,gross_profit+other_income_expense,17.71,17.71,sec_face,NII+NoninterestIncome,net interest income + noninterest income (computed),17.71,,,False,False,stored_is_another_line,gross_profit;gross_profit+other_income_expense,gross_profit;gross_profit+other_income_expense,,1430700000.0,1302700000.0,995700000.0,435000000.0,,995700000.0,845900000.0,45700000.0,23500000.0,net_of_interest,rule
NNN,REITs,8105,2026-06-30,7.7,7.7,7.15,7.15,revenue+interest_income(absent=0),7.71,True,True,gross_profit,7.7,7.7,sec_face,us-gaap:Revenues,Total revenues,7.7,7.15,Rental income,True,False,stored_equals_filing,gross_profit;revenue+interest_income;revenue+interest_income(absent=0),revenue+interest_income;revenue+interest_income(absent=0),revenue,242682000.0,226498000.0,234416000.0,8266000.0,9105000.0,244266000.0,226802000.0,244266000.0,226802000.0,revenue,unverified
PB,banks/thrifts,8105,2026-06-30,16.99,16.99,19.38,19.38,gross_profit+other_income_expense,25.93,True,True,gross_profit+other_income_expense,25.93,25.93,sec_face,NII+NoninterestIncome,net interest income + noninterest income (computed),25.93,,,False,False,stored_is_another_line,gross_profit;gross_profit+other_income_expense,gross_profit;gross_profit+other_income_expense,,520198000.0,435746000.0,391255000.0,128943000.0,,391255000.0,310704000.0,459493000.0,392764000.0,net_of_interest,rule
HLI,brokers/asset managers/exchanges,8108,2026-06-30,-15.59,-15.59,-15.54,-15.54,gross_profit,-15.54,True,True,revenue,-15.54,-15.54,sec_face,us-gaap:RevenueFromContractWithCustomerExcludingAssessedTax,Revenues,-15.59,,,True,True,stored_equals_filing,revenue;gross_profit;revenue+interest_income(absent=0),revenue;gross_profit;revenue+interest_income(absent=0),,511000000.0,605000000.0,511000000.0,,8000000.0,511000000.0,605000000.0,511000000.0,605349000.0,revenue,plain
NOV,energy/refiners,8105,2026-06-30,-2.43,,-2.47,-2.47,revenue+other_income_expense(absent=0),-2.81,False,False,revenue,-2.47,-2.47,sec_face,us-gaap:RevenueFromContractWithCustomerExcludingAssessedTax,Revenue,-2.47,,,True,True,stored_equals_filing,revenue;revenue+interest_income;revenue+interest_income(absent=0),revenue,,2134000000.0,2188000000.0,521000000.0,1613000000.0,-23000000.0,2134000000.0,2188000000.0,,2188000000.0,revenue,plain
AM,energy/refiners,8105,2026-06-30,7.13,7.13,8.33,8.33,revenue+other_income_expense(absent=0),7.12,True,False,revenue+other_income_expense,7.12,7.13,sec_face,us-gaap:Revenues,Total revenue,7.13,9.08,Total operating revenues,True,False,stored_equals_filing,revenue+other_income_expense;revenue+equity_in_affiliates+other_income_expense;revenue+other_income_expense(absent=0),,,350046000.0,323140000.0,242718000.0,107328000.0,28252000.0,327244000.0,305472000.0,327244000.0,305472000.0,revenue,unverified
OMF,non-bank lenders,8105,2026-06-30,5.83,5.83,7.19,7.19,gross_profit+other_income_expense,8.35,True,True,gross_profit+other_income_expense,8.35,8.35,sec_face,NII+NoninterestIncome,net interest income + noninterest income (computed),8.35,,,False,False,stored_is_previous_quarter,gross_profit;gross_profit+other_income_expense,gross_profit;gross_profit+other_income_expense,,1624000000.0,1515000000.0,1298000000.0,326000000.0,,1298000000.0,1198000000.0,1417000000.0,1339000000.0,net_of_interest,rule
MP,other,8105,2026-06-30,89.03,89.03,119.66,119.66,revenue,119.66,False,False,,,89.03,sec_face,us-gaap:RevenueFromContractWithCustomerExcludingAssessedTax,Revenue (including related party),89.03,,,True,False,stored_equals_filing,,,,126070000.0,57393000.0,53778000.0,72292000.0,12397000.0,108490000.0,57393000.0,108490000.0,57393000.0,revenue,unverified
LAD,other,8105,2026-06-30,1.01,,2.17,2.17,revenue,2.17,True,True,revenue,2.17,2.17,sec_face,us-gaap:RevenueFromContractWithCustomerExcludingAssessedTax,Total revenues,2.17,,,False,True,stored_is_previous_quarter,revenue;revenue+interest_income(absent=0),revenue;revenue+interest_income(absent=0),,9791300000.0,9583000000.0,1497400000.0,8293900000.0,-33500000.0,9791300000.0,9583000000.0,,9583000000.0,revenue,plain
ETSY,other,8105,2026-06-30,-0.65,-0.65,6.23,6.23,revenue,6.23,True,True,revenue,6.23,6.23,sec_face,us-gaap:RevenueFromContractWithCustomerExcludingAssessedTax,Revenue,-0.65,,,False,True,stored_uses_original_yearago_(restated_since),revenue,revenue,,668313000.0,629131000.0,484045000.0,184268000.0,3818000.0,668313000.0,629131000.0,668313000.0,672663000.0,revenue,plain
MTDR,energy/refiners,8105,2026-06-30,32.51,32.51,26.76,26.76,revenue+other_income_expense(absent=0),32.44,True,False,revenue+other_income_expense,32.44,32.51,sec_face,us-gaap:Revenues,Total revenues,32.51,26.76,Revenues,True,False,stored_equals_filing,revenue+other_income_expense;revenue+equity_in_affiliates+other_income_expense;revenue+other_income_expense(absent=0),,revenue;revenue+interest_income(absent=0),1173423000.0,925678000.0,1151799000.0,21624000.0,16955000.0,1186392000.0,895312000.0,1186392000.0,895312000.0,revenue,his_call
OWL,brokers/asset managers/exchanges,8105,2026-06-30,-0.67,-0.67,7.1,7.1,gross_profit,7.1,True,True,revenue,7.1,7.1,sec_face,us-gaap:RevenueFromContractWithCustomerExcludingAssessedTax,Revenues,-0.67,,,False,True,stored_is_another_line,revenue;gross_profit,revenue;gross_profit,,753052000.0,703106000.0,753052000.0,,-10407000.0,753052000.0,703106000.0,137041000.0,137965000.0,revenue,plain
LKQ,other,8105,2026-06-30,-6.43,-6.43,-2.99,-2.99,revenue,-2.99,True,True,revenue,-2.99,-2.99,sec_face,us-gaap:Revenues,Revenue,-6.43,,,False,True,stored_uses_original_yearago_(restated_since),revenue;revenue+other_income_expense;revenue+equity_in_affiliates+other_income_expense;revenue+interest_income(absent=0);revenue+other_income_expense(absent=0),revenue;revenue+interest_income(absent=0),,3408000000.0,3513000000.0,1321000000.0,2087000000.0,12000000.0,3408000000.0,3513000000.0,3408000000.0,3642000000.0,revenue,plain
FNB,banks/thrifts,8105,2026-06-30,-0.86,-0.86,0.15,0.15,gross_profit+other_income_expense,5.47,True,True,gross_profit+other_income_expense,5.47,5.47,sec_face,NII+NoninterestIncome,net interest income + noninterest income (computed),5.47,,,False,False,stored_is_another_line,gross_profit;gross_profit+other_income_expense,gross_profit;gross_profit+other_income_expense,,675000000.0,674000000.0,463000000.0,212000000.0,,463000000.0,439000000.0,578000000.0,583000000.0,net_of_interest,rule
DVA,other,8105,2026-06-30,5.17,5.17,4.97,4.97,revenue,4.97,False,False,,,5.17,sec_face,us-gaap:Revenues,Total revenues,5.17,4.97,Dialysis patient service revenues,True,False,stored_equals_filing,,,revenue;revenue+interest_income(absent=0),3366377000.0,3206871000.0,974376000.0,2392001000.0,202156000.0,3554084000.0,3379526000.0,3554084000.0,3379526000.0,revenue,his_call
RITM,REITs,8105,2026-06-30,5.36,5.36,5.14,5.14,revenue+interest_income(absent=0),5.14,True,True,revenue,5.14,5.14,sec_face,us-gaap:RevenueFromContractWithCustomerExcludingAssessedTax,"Origination and Servicing, Investment Portfolio, Mortgage Loans Receivable and Corporate revenues",5.14,,,False,True,stored_is_another_line,revenue;gross_profit;revenue+interest_income(absent=0),revenue;gross_profit;revenue+interest_income(absent=0),,1282281000.0,1219594000.0,1282281000.0,,80092000.0,1282281000.0,1219594000.0,1282281000.0,1217039000.0,revenue,plain
STWD,REITs,8105,2026-06-30,15.62,15.62,17.27,17.27,revenue+interest_income(absent=0),15.62,True,True,revenue+interest_income,15.62,15.62,sec_face,us-gaap:Revenues,Total revenues,15.62,,,True,False,stored_equals_filing,revenue+interest_income;revenue+interest_income(absent=0),revenue+interest_income;revenue+interest_income(absent=0),,508918000.0,433970000.0,482605000.0,26313000.0,32329000.0,513668000.0,444283000.0,513668000.0,444283000.0,revenue,unverified
CHDN,other,8105,2026-06-30,4.88,4.88,4.93,4.93,revenue,4.93,True,True,revenue,4.93,4.93,sec_face,us-gaap:RevenueFromContractWithCustomerExcludingAssessedTax,Net revenue,4.88,6.47,Net revenue,True,True,stored_equals_filing,revenue;revenue+other_income_expense;revenue+equity_in_affiliates+other_income_expense;revenue+interest_income(absent=0);revenue+other_income_expense(absent=0),revenue;revenue+interest_income(absent=0),gross_profit+other_income_expense,980000000.0,934000000.0,419000000.0,561000000.0,41000000.0,980000000.0,934000000.0,980000000.0,934400000.0,revenue,plain
SLM,banks/thrifts,8105,2026-06-30,-8.33,-8.33,-1.93,-1.93,gross_profit+other_income_expense,-0.62,True,True,gross_profit+other_income_expense,-0.62,-0.62,sec_face,NII+NoninterestIncome,net interest income + noninterest income (computed),-0.62,,,False,False,stored_is_another_line,gross_profit;gross_profit+other_income_expense,gross_profit;gross_profit+other_income_expense,,670341000.0,683535000.0,401107000.0,269234000.0,,401107000.0,403596000.0,602055000.0,656759000.0,net_of_interest,rule
MIDD,other,8105,2026-07-04,-10.46,-10.46,9.88,9.88,revenue,9.88,True,True,revenue,9.88,9.88,sec_companyfacts,RevenueFromContractWithCustomerExcludingAssessedTax,companyfacts (3m),-10.46,,,False,True,stored_uses_original_yearago_(restated_since),revenue;revenue+interest_income(absent=0),revenue;revenue+interest_income(absent=0),,875549000.0,796799000.0,335081000.0,540468000.0,4605000.0,875549000.0,796799000.0,875549000.0,977859000.0,revenue,plain
EPR,REITs,8105,2026-06-30,10.11,10.11,12.43,12.43,revenue+interest_income(absent=0),11.13,False,False,,,10.11,sec_face,us-gaap:Revenues,Total revenue,10.11,12.43,"Operating Lease, Lease Income",True,False,stored_equals_filing,,,revenue,169033000.0,150351000.0,153667000.0,15366000.0,10962000.0,196079000.0,178068000.0,196079000.0,178068000.0,revenue,his_call
VIRT,brokers/asset managers/exchanges,8105,2026-06-30,19.05,19.05,16.69,16.69,gross_profit,-64.59,False,False,,,19.05,sec_face,us-gaap:Revenues,Total revenue,19.05,,,True,False,stored_equals_filing,,,,179545000.0,153859000.0,-79441000.0,258986000.0,864522000.0,1189953000.0,999573000.0,1189953000.0,999573000.0,revenue,unverified
FHB,banks/thrifts,8105,2026-06-30,6.31,6.31,0.67,0.67,gross_profit+other_income_expense,6.31,True,True,gross_profit+other_income_expense,6.31,6.31,sec_face,NII+NoninterestIncome,net interest income + noninterest income (computed),6.31,,,True,False,stored_equals_filing,gross_profit;gross_profit+other_income_expense,gross_profit;gross_profit+other_income_expense,,292648000.0,290697000.0,231274000.0,61374000.0,,231274000.0,217541000.0,231274000.0,217541000.0,net_of_interest,rule
LAZ,brokers/asset managers/exchanges,8105,2026-06-30,1.6,1.6,1.85,1.85,gross_profit,1.85,False,False,,,1.47,sec_face,us-gaap:RevenuesNetOfInterestExpense,Net revenue,1.47,-9.13,Revenue,False,False,stored_is_another_line,,,,783073000.0,768831000.0,783073000.0,,39876000.0,807669000.0,795997000.0,830200000.0,817160000.0,revenue,unverified
PEGA,other,8105,2026-06-30,-9.6,,9.42,9.42,revenue,9.42,True,True,revenue,9.42,9.42,sec_face,us-gaap:RevenueFromContractWithCustomerExcludingAssessedTax,Total revenue,9.42,17.25,Total revenue,False,True,stored_is_previous_quarter,revenue,revenue,,420716000.0,384512000.0,312687000.0,108029000.0,-578000.0,420716000.0,384512000.0,,384512000.0,revenue,plain
CERS,other,8105,2026-06-30,56.69,56.69,5.28,5.28,revenue,5.28,False,False,,,9.53,sec_face,us-gaap:RevenueFromContractWithCustomerExcludingAssessedTax,Revenue,9.53,,,False,False,stored_is_another_line,,,,63303000.0,60129000.0,35394000.0,27909000.0,685000.0,57441000.0,52445000.0,57441000.0,36659000.0,revenue,unverified
